<?xml version="1.0" encoding="UTF-8"?>
<project-private xmlns="http://www.netbeans.org/ns/project-private/1">
    <editor-bookmarks xmlns="http://www.netbeans.org/ns/editor-bookmarks/2" lastBookmarkId="0"/>
    <open-files xmlns="http://www.netbeans.org/ns/projectui-open-files/2">
        <group>
            <file>file:/C:/Users/kwhiting/Documents/NetBeansProjects/InterfaceExample/src/interfaceexample/InterfaceExample.java</file>
            <file>file:/C:/Users/kwhiting/Documents/NetBeansProjects/InterfaceExample/src/interfaceexample/OperateCar.java</file>
            <file>file:/C:/Users/kwhiting/Documents/NetBeansProjects/InterfaceExample/src/interfaceexample/Interface1.java</file>
            <file>file:/C:/Users/kwhiting/Documents/NetBeansProjects/InterfaceExample/src/interfaceexample/Interface2.java</file>
            <file>file:/C:/Users/kwhiting/Documents/NetBeansProjects/InterfaceExample/src/interfaceexample/Interface3.java</file>
            <file>file:/C:/Users/kwhiting/Documents/NetBeansProjects/InterfaceExample/src/interfaceexample/Relatable.java</file>
            <file>file:/C:/Users/kwhiting/Documents/NetBeansProjects/InterfaceExample/src/interfaceexample/RectanglePlus.java</file>
            <file>file:/C:/Users/kwhiting/Documents/NetBeansProjects/InterfaceExample/src/interfaceexample/OperateBMW760i.java</file>
            <file>file:/C:/Users/kwhiting/Documents/NetBeansProjects/InterfaceExample/src/interfaceexample/GroupedInterface.java</file>
        </group>
    </open-files>
</project-private>
