<?xml version="1.0" encoding="UTF-8"?>
<project-private xmlns="http://www.netbeans.org/ns/project-private/1">
    <editor-bookmarks xmlns="http://www.netbeans.org/ns/editor-bookmarks/2" lastBookmarkId="0"/>
    <open-files xmlns="http://www.netbeans.org/ns/projectui-open-files/2">
        <group>
            <file>file:/C:/Users/kwhiting/Documents/NetBeansProjects/Polymorphism/src/polymorphism/Polymorphism.java</file>
            <file>file:/C:/Users/kwhiting/Documents/NetBeansProjects/Polymorphism/src/polymorphism/Bicycle.java</file>
            <file>file:/C:/Users/kwhiting/Documents/NetBeansProjects/Polymorphism/src/polymorphism/IBicycle.java</file>
            <file>file:/C:/Users/kwhiting/Documents/NetBeansProjects/Polymorphism/src/polymorphism/MountainBike.java</file>
            <file>file:/C:/Users/kwhiting/Documents/NetBeansProjects/Polymorphism/src/polymorphism/RoadBike.java</file>
        </group>
    </open-files>
</project-private>
