<?xml version="1.0" encoding="UTF-8"?>
<project-private xmlns="http://www.netbeans.org/ns/project-private/1">
    <editor-bookmarks xmlns="http://www.netbeans.org/ns/editor-bookmarks/2" lastBookmarkId="0"/>
    <open-files xmlns="http://www.netbeans.org/ns/projectui-open-files/2">
        <group>
            <file>file:/C:/Users/kwhiting/Documents/NetBeansProjects/BasicConcepts/src/basicconcepts/Bicycle.java</file>
            <file>file:/C:/Users/kwhiting/Documents/NetBeansProjects/BasicConcepts/src/basicconcepts/BasicConcepts.java</file>
            <file>file:/C:/Users/kwhiting/Documents/NetBeansProjects/BasicConcepts/src/newpackage/Testing.java</file>
            <file>file:/C:/Users/kwhiting/Documents/NetBeansProjects/BasicConcepts/src/newpackage/Example.java</file>
            <file>file:/C:/Users/kwhiting/Documents/NetBeansProjects/BasicConcepts/src/newpackage/MountainBike.java</file>
            <file>file:/C:/Users/kwhiting/Documents/NetBeansProjects/BasicConcepts/src/basicconcepts/IBicycle.java</file>
        </group>
    </open-files>
</project-private>
