<?xml version="1.0" encoding="UTF-8"?>
<project-private xmlns="http://www.netbeans.org/ns/project-private/1">
    <editor-bookmarks xmlns="http://www.netbeans.org/ns/editor-bookmarks/2" lastBookmarkId="0"/>
    <open-files xmlns="http://www.netbeans.org/ns/projectui-open-files/2">
        <group>
            <file>file:/C:/Users/kwhiting/Documents/NetBeansProjects/LayoutManagers/src/layoutmanagers/BorderLayoutExamle.java</file>
            <file>file:/C:/Users/kwhiting/Documents/NetBeansProjects/LayoutManagers/src/layoutmanagers/BoxLayoutExample.java</file>
            <file>file:/C:/Users/kwhiting/Documents/NetBeansProjects/LayoutManagers/src/layoutmanagers/CardLayoutExample.java</file>
            <file>file:/C:/Users/kwhiting/Documents/NetBeansProjects/LayoutManagers/src/layoutmanagers/FlowLayoutExample.java</file>
            <file>file:/C:/Users/kwhiting/Documents/NetBeansProjects/LayoutManagers/src/layoutmanagers/GridLayoutExample.java</file>
            <file>file:/C:/Users/kwhiting/Documents/NetBeansProjects/LayoutManagers/src/layoutmanagers/GroupLayoutExample.java</file>
            <file>file:/C:/Users/kwhiting/Documents/NetBeansProjects/LayoutManagers/src/layoutmanagers/SpringLayoutExample.java</file>
        </group>
    </open-files>
</project-private>
